bat_dau,ket_thuc,keo_dai_giay,dinh_mbps,dinh_pps,dinh_drops_per_s,max_uniq_ip_chua_verified,trang_thai_waf,loai
2026-09-17 00:20:40,2026-09-17 00:23:15,156,15.5,5066,1778,741,WAR,BANG_THONG_THAP
2026-09-17 00:25:45,2026-09-17 00:30:50,306,15.0,3711,1688,882,WAR,BANG_THONG_THAP
2026-09-17 00:52:25,2026-09-17 01:02:35,611,6.7,2683,1891,794,WAR,BANG_THONG_THAP
2026-09-17 01:06:20,2026-09-17 01:09:22,183,180,132871,123789,271,UNDER_SIEGE,FLOOD_UDP_TRUC_TIEP
2026-09-17 18:49:52,2026-09-17 18:53:34,223,7.3,14916,1,13203,WAR,BANG_THONG_THAP
2026-09-19 02:30:43,2026-09-19 02:45:16,874,289,31122,30624,103,UNDER_SIEGE,FLOOD_UDP_TRUC_TIEP
2026-09-19 11:37:53,2026-09-19 11:38:13,21,332,35522,35171,99,UNDER_SIEGE,FLOOD_UDP_TRUC_TIEP
2026-09-19 20:24:41,2026-09-19 20:27:19,159,6.2,2095,1792,778,WAR,BANG_THONG_THAP
2026-09-19 22:43:17,2026-09-19 22:48:38,322,189,45523,32454,384,UNDER_SIEGE,FLOOD_UDP_TRUC_TIEP
2026-09-22 13:56:44,2026-09-22 13:56:54,11,211,22651,22328,189,UNDER_SIEGE,FLOOD_UDP_TRUC_TIEP
2026-09-22 16:26:25,2026-09-22 16:29:51,207,243,26179,25691,94,UNDER_SIEGE,FLOOD_UDP_TRUC_TIEP
2026-09-22 17:28:18,2026-09-22 17:28:48,31,206,22030,21818,92,UNDER_SIEGE,FLOOD_UDP_TRUC_TIEP
2026-09-22 18:22:22,2026-09-22 18:22:31,10,233,24840,24648,94,UNDER_SIEGE,FLOOD_UDP_TRUC_TIEP
2026-09-22 19:33:50,2026-09-22 19:34:03,14,206,22132,21747,97,UNDER_SIEGE,FLOOD_UDP_TRUC_TIEP
2026-09-22 21:31:38,2026-09-22 21:31:53,16,194,20943,20475,106,UNDER_SIEGE,FLOOD_UDP_TRUC_TIEP
2026-09-22 22:56:02,2026-09-22 22:56:12,11,210,22755,22221,90,UNDER_SIEGE,FLOOD_UDP_TRUC_TIEP
2026-09-22 23:16:19,2026-09-22 23:16:35,17,207,22623,21855,93,UNDER_SIEGE,FLOOD_UDP_TRUC_TIEP
2026-09-22 23:48:35,2026-09-22 23:48:51,17,204,21931,21609,86,UNDER_SIEGE,FLOOD_UDP_TRUC_TIEP
2026-09-22 23:58:15,2026-09-22 23:58:25,11,256,27440,27109,89,UNDER_SIEGE,FLOOD_UDP_TRUC_TIEP
2026-09-23 00:27:01,2026-09-23 00:28:30,90,229,24427,24282,115,UNDER_SIEGE,FLOOD_UDP_TRUC_TIEP
2026-09-23 00:36:57,2026-09-23 00:37:23,27,248,26413,26267,97,UNDER_SIEGE,FLOOD_UDP_TRUC_TIEP
2026-09-23 00:53:46,2026-09-23 00:55:56,131,271,28996,28663,130,UNDER_SIEGE,FLOOD_UDP_TRUC_TIEP
2026-09-23 01:09:22,2026-09-23 01:13:22,241,258,27366,27314,104,UNDER_SIEGE,FLOOD_UDP_TRUC_TIEP
2026-09-23 01:27:31,2026-09-23 01:29:38,128,364,38607,38528,104,UNDER_SIEGE,FLOOD_UDP_TRUC_TIEP
2026-09-23 01:35:56,2026-09-23 01:36:36,41,223,23722,23627,109,UNDER_SIEGE,FLOOD_UDP_TRUC_TIEP
2026-09-23 01:45:12,2026-09-23 01:46:08,57,451,47955,47767,93,UNDER_SIEGE,FLOOD_UDP_TRUC_TIEP
2026-09-23 01:53:55,2026-09-23 01:56:06,132,234,24987,24779,106,UNDER_SIEGE,FLOOD_UDP_TRUC_TIEP
2026-09-23 01:57:18,2026-09-23 02:00:47,210,206,22043,21989,113,UNDER_SIEGE,FLOOD_UDP_TRUC_TIEP
2026-09-23 02:02:40,2026-09-23 02:03:33,54,254,27100,26953,100,UNDER_SIEGE,FLOOD_UDP_TRUC_TIEP
2026-09-23 02:14:31,2026-09-23 02:17:12,162,290,30778,30707,113,UNDER_SIEGE,FLOOD_UDP_TRUC_TIEP
2026-09-23 18:12:00,2026-09-23 18:12:17,18,187,20057,19827,112,WAR,FLOOD_UDP_TRUC_TIEP
2026-09-23 19:21:04,2026-09-23 19:21:20,17,188,20039,19833,104,WAR,FLOOD_UDP_TRUC_TIEP
2026-09-23 20:21:01,2026-09-23 20:21:17,17,188,20110,19878,112,WAR,FLOOD_UDP_TRUC_TIEP
2026-09-23 21:20:31,2026-09-23 21:20:47,17,187,20162,19723,109,WAR,FLOOD_UDP_TRUC_TIEP
2026-09-23 21:45:49,2026-09-23 21:46:05,17,188,20184,19883,107,WAR,FLOOD_UDP_TRUC_TIEP
2026-09-23 22:23:34,2026-09-23 22:23:50,17,187,20127,19759,112,WAR,FLOOD_UDP_TRUC_TIEP
2026-09-23 22:50:19,2026-09-23 22:50:35,17,188,20083,19836,98,WAR,FLOOD_UDP_TRUC_TIEP
2026-09-24 00:08:43,2026-09-24 00:08:59,17,188,20052,19894,112,WAR,FLOOD_UDP_TRUC_TIEP
2026-09-24 01:24:58,2026-09-24 01:25:14,17,188,20104,19879,93,WAR,FLOOD_UDP_TRUC_TIEP
2026-09-24 13:07:21,2026-09-24 13:07:59,39,185,19907,19513,99,WAR,FLOOD_UDP_TRUC_TIEP
2026-09-24 14:25:16,2026-09-24 14:25:54,39,189,20132,19952,100,WAR,FLOOD_UDP_TRUC_TIEP
2026-09-24 14:53:32,2026-09-24 14:54:03,32,218,24304,22998,66,WAR,FLOOD_UDP_TRUC_TIEP
2026-09-24 15:21:56,2026-09-24 15:23:27,92,189,20169,19978,93,WAR,FLOOD_UDP_TRUC_TIEP
2026-09-24 16:16:51,2026-09-24 16:17:07,17,189,20134,19970,104,WAR,FLOOD_UDP_TRUC_TIEP
2026-09-24 17:57:46,2026-09-24 17:58:02,17,188,20066,19902,104,WAR,FLOOD_UDP_TRUC_TIEP
2026-09-24 22:59:08,2026-09-24 22:59:23,16,186,20090,19646,100,WAR,FLOOD_UDP_TRUC_TIEP
2026-09-24 23:56:14,2026-09-24 23:56:29,16,188,20189,19838,99,WAR,FLOOD_UDP_TRUC_TIEP
2026-09-25 00:24:15,2026-09-25 00:30:02,348,189,20080,19988,112,WAR,FLOOD_UDP_TRUC_TIEP
2026-09-25 01:22:36,2026-09-25 01:22:53,18,188,20130,19920,110,WAR,FLOOD_UDP_TRUC_TIEP
