ngay,ly_do_drop,so_goi
2026-09-16,SCRUB_UDP_CLOSED_PORT,105
2026-09-16,SCRUB_SYN_CLOSED_PORT,25
2026-09-17,L0_BLACKLIST,4830576
2026-09-17,WAR_REFLECTION,1423403
2026-09-17,SCRUB_REFLECTION,128698
2026-09-17,UDP_FLOW_RATE,40047
2026-09-17,UDP_ENTROPY,30552
2026-09-17,SCRUB_UDP_CLOSED_PORT,385
2026-09-17,L2_UDP_CLOSED_PORT,144
2026-09-17,TCP_OUT_OF_STATE,59
2026-09-17,UDP_UNVERIFIED_RATE,46
2026-09-17,UDP_BLACKLISTED,17
2026-09-17,L1_BOGON_SRC,3
2026-09-17,SCRUB_SYN_CLOSED_PORT,2
2026-09-17,L2_SYN_CLOSED_PORT,1
2026-09-18,SCRUB_UDP_CLOSED_PORT,506
2026-09-18,L1_BOGON_SRC,294
2026-09-18,TCP_OUT_OF_STATE,99
2026-09-18,L2_UDP_CLOSED_PORT,72
2026-09-18,SCRUB_REFLECTION,5
2026-09-18,SCRUB_SYN_CLOSED_PORT,4
2026-09-18,L2_SYN_CLOSED_PORT,2
2026-09-19,L0_BLACKLIST,31593976
2026-09-19,WAR_REFLECTION,241274
2026-09-19,UDP_ENTROPY,42786
2026-09-19,UDP_FLOW_RATE,25599
2026-09-19,SCRUB_REFLECTION,3793
2026-09-19,SCRUB_UDP_CLOSED_PORT,1030
2026-09-19,L2_UDP_CLOSED_PORT,682
2026-09-19,L1_BOGON_SRC,673
2026-09-19,TCP_OUT_OF_STATE,407
2026-09-19,UDP_BLACKLISTED,17
2026-09-19,L2_SYN_CLOSED_PORT,8
2026-09-19,SCRUB_SYN_CLOSED_PORT,8
2026-09-22,L0_BLACKLIST,7637215
2026-09-22,UDP_ENTROPY,77286
2026-09-22,SCRUB_UDP_CLOSED_PORT,985
2026-09-22,L1_BOGON_SRC,494
2026-09-22,L2_UDP_CLOSED_PORT,453
2026-09-22,TCP_OUT_OF_STATE,106
2026-09-22,SCRUB_REFLECTION,72
2026-09-22,UDP_BLACKLISTED,16
2026-09-22,SCRUB_SYN_CLOSED_PORT,10
2026-09-22,WAR_REFLECTION,6
2026-09-22,L2_SYN_CLOSED_PORT,1
2026-09-23,L0_BLACKLIST,30489778
2026-09-23,L2_UDP_CLOSED_PORT,585401
2026-09-23,UDP_ENTROPY,196763
2026-09-23,SCRUB_UDP_CLOSED_PORT,313
2026-09-23,TCP_OUT_OF_STATE,215
2026-09-23,L1_BOGON_SRC,192
2026-09-23,UDP_BLACKLISTED,85
2026-09-23,L2_SYN_CLOSED_PORT,18
2026-09-23,SCRUB_REFLECTION,7
2026-09-23,SCRUB_SYN_CLOSED_PORT,7
2026-09-24,L0_BLACKLIST,5731990
2026-09-24,UDP_ENTROPY,54041
2026-09-24,TCP_OUT_OF_STATE,529
2026-09-24,L2_UDP_CLOSED_PORT,251
2026-09-24,UDP_FLOW_RATE,91
2026-09-24,UDP_BLACKLISTED,12
2026-09-24,L1_BOGON_SRC,6
2026-09-24,L2_SYN_CLOSED_PORT,1
2026-09-25,L0_BLACKLIST,7075620
2026-09-25,UDP_ENTROPY,16799
2026-09-25,TCP_OUT_OF_STATE,128
2026-09-25,L2_UDP_CLOSED_PORT,16
2026-09-25,L1_BOGON_SRC,5
2026-09-25,UDP_BLACKLISTED,4
