bat_dau,ket_thuc,keo_dai_giay,dinh_mbps,dinh_pps,dinh_uniq_ip_moi_giay,tong_goi_waf_huy,legit_pps_thap_nhat,ly_do_drop_chinh,loai
2026-09-28 01:30:44,2026-09-28 01:31:59,76,11.12,5539,9,43549,3425,L0_BLACKLIST=43513;UDP_ENTROPY=31;L2_UDP_CLOSED_PORT=3,NHO
2026-09-29 17:41:19,2026-09-29 17:41:46,28,11.47,1615,136,17203,0,L2_UDP_CLOSED_PORT=17087;TCP_OUT_OF_STATE=69;L2_SYN_CLOSED_PORT=47,KHONG_PHAI_TAN_CONG (nguoi choi go cong luc game tat)
2026-09-30 18:05:43,2026-09-30 18:06:24,42,0.72,770,144,27865,0,L2_UDP_CLOSED_PORT=27801;TCP_OUT_OF_STATE=58;L2_SYN_CLOSED_PORT=3,KHONG_PHAI_TAN_CONG (nguoi choi go cong luc game tat)
2026-10-01 14:56:12,2026-10-01 14:58:16,125,65.6,11728,70,269853,3606,L0_BLACKLIST=265373;UDP_ENTROPY=4473;L2_UDP_CLOSED_PORT=4,UDP_FLOOD_GOI_LON
2026-10-01 15:00:26,2026-10-01 15:02:28,123,22.91,7330,79,37429,3888,L0_BLACKLIST=33857;UDP_ENTROPY=3570;TCP_OUT_OF_STATE=1,UDP_FLOOD_GOI_LON
2026-10-01 15:04:35,2026-10-01 15:05:35,61,22.4,6614,71,54642,3301,L0_BLACKLIST=52394;UDP_ENTROPY=2145;TCP_OUT_OF_STATE=100,UDP_FLOOD_GOI_LON
2026-10-01 15:12:35,2026-10-01 15:13:35,61,33.17,7632,67,74868,3652,L0_BLACKLIST=71761;UDP_ENTROPY=3103;L2_UDP_CLOSED_PORT=2,UDP_FLOOD_GOI_LON
2026-10-01 15:28:16,2026-10-01 15:29:21,66,35.91,7302,66,62766,3724,L0_BLACKLIST=60276;UDP_ENTROPY=2485;L2_UDP_CLOSED_PORT=2,UDP_FLOOD_GOI_LON
2026-10-01 16:00:21,2026-10-01 16:00:57,37,31.81,6539,89,24471,3400,L0_BLACKLIST=22079;UDP_ENTROPY=2388;L2_UDP_CLOSED_PORT=2,UDP_FLOOD_GOI_LON
2026-10-01 18:01:52,2026-10-01 18:02:26,35,0.79,756,113,18749,0,L2_UDP_CLOSED_PORT=18630;TCP_OUT_OF_STATE=119,KHONG_PHAI_TAN_CONG (nguoi choi go cong luc game tat)
2026-10-02 18:26:20,2026-10-02 18:54:40,1701,25.32,26901,10644,7377495,0,UDP_GREYLIST=4902113;L2_UDP_CLOSED_PORT=2173790;UDP_ENTROPY=300930,"SPOOF_STORM (IP nguon gia mao, bang thong thap)"
2026-10-02 18:56:52,2026-10-02 19:05:47,536,22.31,26732,11692,1604029,0,UDP_GREYLIST=1246262;L2_UDP_CLOSED_PORT=242876;UDP_ENTROPY=114635,"SPOOF_STORM (IP nguon gia mao, bang thong thap)"
2026-10-02 19:06:48,2026-10-02 19:08:50,123,4.18,4267,828,6794,116,UDP_ENTROPY=3748;L2_UDP_CLOSED_PORT=3046,NHO
2026-10-02 19:21:44,2026-10-02 19:22:28,45,3.54,3088,202,1743,1378,UDP_ENTROPY=1743,NHO
2026-10-02 19:24:53,2026-10-02 19:25:45,53,4.0,4146,294,12424,589,L2_UDP_CLOSED_PORT=8717;UDP_ENTROPY=3707,NHO
2026-10-02 19:38:03,2026-10-02 19:38:51,49,4.35,4700,92,1277,3426,UDP_ENTROPY=1271;L0_BLACKLIST=6,NHO
2026-10-02 19:54:17,2026-10-02 20:21:54,1658,29.67,45349,10519,5835315,0,UDP_GREYLIST=5498481;UDP_ENTROPY=336032;L0_BLACKLIST=414,"SPOOF_STORM (IP nguon gia mao, bang thong thap)"
2026-10-02 20:25:44,2026-10-02 20:34:15,512,17.71,25809,8014,1277390,0,UDP_GREYLIST=1213079;UDP_ENTROPY=64162;L0_BLACKLIST=92,"SPOOF_STORM (IP nguon gia mao, bang thong thap)"
2026-10-02 20:35:28,2026-10-02 20:54:24,1137,252.46,22421,7649,4332630,0,L2_UDP_CLOSED_PORT=2205062;L0_BLACKLIST=1253910;UDP_GREYLIST=768437,"SPOOF_STORM + UDP_FLOOD_GOI_LON_NOI_DIA 220-250 Mbps (20:43 va 20:46)"
2026-10-02 20:55:46,2026-10-02 20:56:38,53,4.33,7334,490,7627,1606,L2_UDP_CLOSED_PORT=6299;UDP_ENTROPY=1328,NHO
2026-10-02 20:59:48,2026-10-02 21:01:59,132,6.21,8390,1264,6321,20,UDP_ENTROPY=6319;L1_BOGON_SRC=1;L2_UDP_CLOSED_PORT=1,NHO
