xung,bat_dau,ket_thuc,keo_dai_giay,nghi_truoc_do_giay,dinh_uniq_ip_moi_giay,dinh_pps,dinh_mbps,legit_pps_trung_binh,pps_rac_toi_game_trung_binh
1,2026-10-02 18:26:21,2026-10-02 18:26:50,30,,9507,19314,19.29,418,7952
2,2026-10-02 18:27:08,2026-10-02 18:27:37,30,18,8280,18583,17.79,1194,9590
3,2026-10-02 18:28:07,2026-10-02 18:28:36,30,30,8404,21834,14.62,2607,13022
4,2026-10-02 18:29:04,2026-10-02 18:29:33,30,28,8157,21150,15.4,3384,12693
5,2026-10-02 18:30:02,2026-10-02 18:30:54,53,29,9264,19610,12.98,2769,9689
6,2026-10-02 18:31:39,2026-10-02 18:32:08,30,45,8478,19303,12.51,2642,8922
7,2026-10-02 18:32:43,2026-10-02 18:33:12,30,35,7801,21183,14.1,3662,13935
8,2026-10-02 18:33:20,2026-10-02 18:33:49,30,8,8786,22453,14.34,2476,8685
9,2026-10-02 18:34:48,2026-10-02 18:35:17,30,59,7315,21885,16.0,3530,14058
10,2026-10-02 18:36:17,2026-10-02 18:37:04,48,60,10644,20665,13.76,2309,2167
11,2026-10-02 18:37:49,2026-10-02 18:38:18,30,45,9281,20799,13.98,1682,1554
12,2026-10-02 18:38:29,2026-10-02 18:38:58,30,11,8837,15515,10.05,383,353
13,2026-10-02 18:39:15,2026-10-02 18:39:44,30,17,9212,20036,14.08,906,850
14,2026-10-02 18:40:24,2026-10-02 18:40:53,30,40,9382,24124,25.32,1281,12717
15,2026-10-02 18:41:21,2026-10-02 18:41:50,30,28,8404,21095,18.34,1493,12720
16,2026-10-02 18:42:19,2026-10-02 18:42:48,30,29,8976,22225,15.83,3009,11954
17,2026-10-02 18:43:02,2026-10-02 18:43:31,30,14,8698,18273,15.43,2186,8510
18,2026-10-02 18:44:12,2026-10-02 18:45:13,62,41,8678,24864,14.31,3379,10712
19,2026-10-02 18:45:38,2026-10-02 18:46:07,30,25,8652,17993,17.24,2330,8505
20,2026-10-02 18:46:46,2026-10-02 18:47:15,30,39,7928,23744,19.55,3322,11652
21,2026-10-02 18:47:20,2026-10-02 18:47:49,30,5,7902,23052,16.1,379,9689
22,2026-10-02 18:48:20,2026-10-02 18:48:49,30,31,8959,26901,17.19,1315,13599
23,2026-10-02 18:48:55,2026-10-02 18:49:25,31,6,8733,22963,16.85,2047,13391
24,2026-10-02 18:50:09,2026-10-02 18:50:39,31,44,7780,21660,13.1,3045,13699
25,2026-10-02 18:50:46,2026-10-02 18:51:16,31,7,8954,23141,14.57,1835,8493
26,2026-10-02 18:51:23,2026-10-02 18:51:53,31,7,8572,15644,9.95,1802,7186
27,2026-10-02 18:52:37,2026-10-02 18:53:07,31,44,8962,19701,12.36,2251,9020
28,2026-10-02 18:53:15,2026-10-02 18:53:45,31,8,8539,15966,10.4,1913,7454
29,2026-10-02 18:54:31,2026-10-02 18:54:40,10,46,7785,20465,12.84,3402,12654
30,2026-10-02 18:56:52,2026-10-02 18:57:26,35,132,11692,21840,15.07,1246,9356
31,2026-10-02 18:57:57,2026-10-02 18:58:28,32,31,8064,21598,14.31,1804,13080
32,2026-10-02 18:58:47,2026-10-02 18:59:17,31,19,7696,20385,13.98,1958,12536
33,2026-10-02 18:59:24,2026-10-02 18:59:54,31,7,8561,18164,15.46,2094,9963
34,2026-10-02 19:00:43,2026-10-02 19:01:13,31,49,8023,25552,22.31,3395,11268
35,2026-10-02 19:01:39,2026-10-02 19:01:54,16,26,8621,26396,19.76,4823,13521
36,2026-10-02 19:02:33,2026-10-02 19:03:00,28,39,8099,24527,18.26,3274,12086
37,2026-10-02 19:03:32,2026-10-02 19:03:56,25,32,7362,21909,20.1,3661,6896
38,2026-10-02 19:54:18,2026-10-02 19:54:47,30,3022,7080,23831,15.35,639,14901
39,2026-10-02 19:54:55,2026-10-02 19:55:24,30,8,10519,22863,14.86,679,9440
40,2026-10-02 19:56:08,2026-10-02 19:56:37,30,44,9124,18168,12.32,882,7930
41,2026-10-02 19:56:45,2026-10-02 19:57:15,31,8,8606,15336,9.78,917,6283
42,2026-10-02 19:57:59,2026-10-02 19:58:28,30,44,9084,19432,11.94,1203,8147
43,2026-10-02 19:58:36,2026-10-02 19:59:05,30,8,8463,15870,10.39,1319,7213
44,2026-10-02 19:59:13,2026-10-02 19:59:42,30,8,8080,18578,12.28,1725,10705
45,2026-10-02 20:00:27,2026-10-02 20:00:56,30,45,7651,21807,14.08,2112,13571
46,2026-10-02 20:01:04,2026-10-02 20:01:33,30,8,9743,21933,14.5,1349,8320
47,2026-10-02 20:02:18,2026-10-02 20:02:47,30,45,8938,21937,14.44,1942,10272
48,2026-10-02 20:02:56,2026-10-02 20:03:25,30,9,7320,18721,12.44,2354,11353
49,2026-10-02 20:04:09,2026-10-02 20:04:39,31,44,9151,19050,11.96,1745,8440
50,2026-10-02 20:04:56,2026-10-02 20:05:52,57,17,10204,19564,12.71,1790,8990
51,2026-10-02 20:06:37,2026-10-02 20:07:06,30,45,8909,19109,13.53,1614,9484
52,2026-10-02 20:07:14,2026-10-02 20:07:43,30,8,6754,19802,12.78,1846,11771
53,2026-10-02 20:08:28,2026-10-02 20:08:57,30,45,8920,35072,24.31,6287,17767
54,2026-10-02 20:09:05,2026-10-02 20:09:34,30,8,6903,30675,19.64,4086,14475
55,2026-10-02 20:10:19,2026-10-02 20:10:48,30,45,6657,36091,28.26,9972,24716
56,2026-10-02 20:10:55,2026-10-02 20:11:25,31,7,9057,29617,17.67,3198,9451
57,2026-10-02 20:11:33,2026-10-02 20:12:03,31,8,8860,27714,16.98,5212,12515
58,2026-10-02 20:12:48,2026-10-02 20:13:17,30,45,8874,25077,15.59,3017,10245
59,2026-10-02 20:13:25,2026-10-02 20:13:54,30,8,8480,17976,11.93,2217,7555
60,2026-10-02 20:14:38,2026-10-02 20:15:08,31,44,8823,40298,29.67,7223,16058
61,2026-10-02 20:15:16,2026-10-02 20:15:45,30,8,9677,24036,15.17,2704,10277
62,2026-10-02 20:16:29,2026-10-02 20:16:58,30,44,8862,24309,15.23,2651,9240
63,2026-10-02 20:17:06,2026-10-02 20:17:35,30,8,6547,26215,14.78,2166,12803
64,2026-10-02 20:17:43,2026-10-02 20:18:12,30,8,6462,31652,18.47,3435,16440
65,2026-10-02 20:18:57,2026-10-02 20:19:26,30,45,6729,32196,18.94,3903,15666
66,2026-10-02 20:19:35,2026-10-02 20:19:41,7,9,3151,36992,23.34,12949,26205
67,2026-10-02 20:19:45,2026-10-02 20:20:03,19,4,3992,28522,18.35,5677,21110
68,2026-10-02 20:20:49,2026-10-02 20:20:49,1,46,2474,26804,17.57,14474,25326
69,2026-10-02 20:20:53,2026-10-02 20:21:17,25,4,5597,40940,24.49,8486,21611
70,2026-10-02 20:21:31,2026-10-02 20:21:54,24,14,5594,33715,20.27,5965,18592
71,2026-10-02 20:25:45,2026-10-02 20:26:13,29,231,6884,21105,12.85,2157,14272
72,2026-10-02 20:26:58,2026-10-02 20:27:27,30,45,6838,25809,17.71,2439,15356
73,2026-10-02 20:27:35,2026-10-02 20:28:05,31,8,6379,16769,9.93,1968,10666
74,2026-10-02 20:28:51,2026-10-02 20:29:19,29,46,6238,16752,9.95,2856,11011
75,2026-10-02 20:29:50,2026-10-02 20:30:33,44,31,8014,15849,9.25,2486,9222
76,2026-10-02 20:31:18,2026-10-02 20:31:47,30,45,5286,15776,9.05,2157,10299
77,2026-10-02 20:32:21,2026-10-02 20:32:49,29,34,5536,15695,8.97,2588,9824
78,2026-10-02 20:33:11,2026-10-02 20:33:38,28,22,5188,14812,8.8,2725,9417
79,2026-10-02 20:33:46,2026-10-02 20:34:14,29,8,5073,14142,8.2,3055,9253
80,2026-10-02 20:35:29,2026-10-02 20:36:05,37,75,7031,17319,10.16,3873,10788
81,2026-10-02 20:36:40,2026-10-02 20:37:09,30,35,4866,15884,9.28,3603,10680
82,2026-10-02 20:37:27,2026-10-02 20:37:55,29,18,5027,15165,8.69,3688,10415
83,2026-10-02 20:38:09,2026-10-02 20:38:37,29,14,5786,15466,8.95,3539,10234
84,2026-10-02 20:39:18,2026-10-02 20:39:47,30,41,5682,18430,10.58,4056,11824
85,2026-10-02 20:39:55,2026-10-02 20:40:24,30,8,5560,15393,8.85,3586,10184
86,2026-10-02 20:41:10,2026-10-02 20:41:38,29,46,5457,17635,10.64,4250,7350
87,2026-10-02 20:42:16,2026-10-02 20:42:40,25,38,7649,18326,10.66,3756,3617
88,2026-10-02 20:54:15,2026-10-02 20:54:19,5,695,6617,19782,14.4,629,590
