phut,so_giay_co_snapshot,dinh_mbps,trung_vi_mbps,dinh_pps,trung_vi_pps,dinh_uniq_ip,legit_pps_trung_vi,legit_pps_thap_nhat,goi_waf_huy,ly_do_drop_chinh
2026-10-07 14:05:00,2,0.0,0.0,1,0,0,0,0,0,
2026-10-07 14:06:00,2,0.0,0.0,2,1,0,0,0,0,
2026-10-07 14:07:00,2,0.01,0.0,11,6,1,3,0,3,
2026-10-07 14:08:00,2,0.0,0.0,8,5,0,3,0,0,
2026-10-07 14:09:00,2,0.0,0.0,2,2,0,0,0,0,
2026-10-07 14:10:00,2,0.09,0.0,19,13,0,11,7,1,
2026-10-07 14:11:00,2,0.0,0.0,0,0,0,0,0,0,
2026-10-07 14:12:00,2,0.27,0.1,27,17,0,17,7,0,
2026-10-07 14:13:00,2,0.29,0.1,33,21,0,19,5,0,
2026-10-07 14:14:00,2,1.08,0.5,101,54,0,50,3,0,
2026-10-07 14:15:00,2,0.27,0.1,31,19,0,15,3,1,
2026-10-07 14:16:00,2,0.4,0.2,608,370,2,364,127,0,
2026-10-07 14:17:00,2,1.67,1.1,1286,1092,0,1081,888,0,
2026-10-07 14:18:00,2,0.76,0.7,1396,1353,1,1339,1297,0,
2026-10-07 14:19:00,2,1.88,1.4,1600,1596,0,1588,1584,0,
2026-10-07 14:20:00,2,0.91,0.9,1740,1684,0,1667,1612,0,
2026-10-07 14:21:00,2,1.09,1.1,2086,1976,0,1956,1846,1,
2026-10-07 14:22:00,2,2.14,1.6,2206,2203,1,2181,2178,0,
2026-10-07 14:23:00,2,3.08,2.5,2603,2527,1,2502,2426,0,
2026-10-07 14:24:00,2,1.43,1.3,2542,2510,0,2497,2452,0,
2026-10-07 14:25:00,2,1.31,1.3,2712,2710,1,2683,2681,0,
2026-10-07 14:26:00,2,1.38,1.4,2907,2856,0,2827,2777,1,
2026-10-07 14:27:00,2,1.41,1.4,2972,2968,0,2953,2942,0,
2026-10-07 14:28:00,2,1.94,1.9,3185,3184,0,3153,3152,0,
2026-10-07 14:29:00,2,4.15,2.8,3411,3284,0,3251,3125,0,
2026-10-07 14:30:00,2,1.77,1.6,3213,3019,0,3019,2825,0,
2026-10-07 14:31:00,2,2.27,1.9,3249,3214,0,3198,3146,0,
2026-10-07 14:32:00,2,1.57,1.5,3269,3219,1,3187,3137,1,
2026-10-07 14:33:00,2,2.91,2.3,3477,3415,0,3398,3353,0,
2026-10-07 14:34:00,2,1.6,1.6,3422,3394,0,3360,3332,0,
2026-10-07 14:35:00,2,2.97,2.3,3413,3370,1,3336,3293,0,
2026-10-07 14:36:00,2,1.62,1.6,3388,3360,1,3327,3300,0,
2026-10-07 14:37:00,2,2.83,2.3,3638,3636,0,3599,3597,1,
2026-10-07 14:38:00,2,2.23,2.0,3716,3681,1,3644,3610,1,
2026-10-07 14:39:00,2,3.27,2.5,3842,3786,0,3749,3694,0,
2026-10-07 14:40:00,2,2.85,2.3,4023,3804,1,3786,3548,0,
2026-10-07 14:41:00,2,2.01,1.9,4075,3950,0,3910,3787,0,
2026-10-07 14:42:00,2,1.93,1.9,3943,3924,0,3904,3865,0,
2026-10-07 14:43:00,2,2.24,2.2,4000,3948,0,3929,3858,1,
2026-10-07 14:44:00,2,3.0,2.8,4098,4070,0,4030,4003,0,
2026-10-07 14:45:00,2,2.18,2.1,3970,3968,0,3948,3925,0,
2026-10-07 14:46:00,2,2.58,2.3,4003,3934,55,3894,3865,0,
2026-10-07 14:47:00,2,1.86,1.9,3949,3821,0,3803,3656,0,
2026-10-07 14:48:00,2,1.89,1.9,4012,4006,0,4006,4000,1,
2026-10-07 14:49:00,2,3.04,3.0,4144,4032,0,3992,3882,0,
2026-10-07 14:50:00,2,2.43,2.2,4231,4134,1,4093,3998,0,
2026-10-07 14:51:00,12,33.26,31.9,20153,19657,33,4137,3820,153699,L0_BLACKLIST=153489;L2_SYN_CLOSED_PORT=173;TCP_OUT_OF_STATE=37
2026-10-07 14:52:00,57,186.99,32.4,105386,19923,45,4183,2938,1488012,L0_BLACKLIST=1486172;L2_SYN_CLOSED_PORT=971;UDP_UNVERIFIED_RATE=518
2026-10-07 14:53:00,56,192.6,181.5,107718,101936,135,96840,4053,4668461,L0_BLACKLIST=4666858;L2_SYN_CLOSED_PORT=1598;L2_UDP_CLOSED_PORT=2
2026-10-07 14:54:00,56,6.98,3.5,6516,5054,132,4247,2747,40395,L0_BLACKLIST=37371;L2_SYN_CLOSED_PORT=2944;TCP_OUT_OF_STATE=75
2026-10-07 14:55:00,57,9.29,8.1,7600,7236,136,4126,3407,165729,L0_BLACKLIST=162189;L2_SYN_CLOSED_PORT=3533;WAR_REFLECTION=3
2026-10-07 14:56:00,55,5.99,4.0,5724,5184,136,4121,3610,49089,L0_BLACKLIST=46689;L2_SYN_CLOSED_PORT=2255;TCP_OUT_OF_STATE=139
2026-10-07 14:57:00,58,52.12,46.0,28181,26398,119,3340,826,1141874,L0_BLACKLIST=1139173;L2_SYN_CLOSED_PORT=2388;TCP_OUT_OF_STATE=308
2026-10-07 14:58:00,53,4.79,2.4,4595,4369,78,4181,3853,9516,L0_BLACKLIST=7582;L2_SYN_CLOSED_PORT=1821;TCP_OUT_OF_STATE=110
2026-10-07 14:59:00,54,6.62,4.9,6305,5664,135,4218,3607,66292,L0_BLACKLIST=62890;L2_SYN_CLOSED_PORT=3361;TCP_OUT_OF_STATE=38
2026-10-07 15:00:00,56,27.57,2.2,17407,4332,116,4230,3322,166267,L0_BLACKLIST=162939;L2_SYN_CLOSED_PORT=3286;TCP_OUT_OF_STATE=38
2026-10-07 15:01:00,57,27.27,2.5,17167,4521,127,4303,3389,47602,L0_BLACKLIST=44395;L2_SYN_CLOSED_PORT=3162;TCP_OUT_OF_STATE=43
2026-10-07 15:02:00,60,25.93,22.6,16153,15088,131,4202,3789,475614,L0_BLACKLIST=472212;L2_SYN_CLOSED_PORT=3285;TCP_OUT_OF_STATE=114
2026-10-07 15:03:00,45,53.42,43.7,29841,25796,135,4117,3664,833084,L0_BLACKLIST=830337;L2_SYN_CLOSED_PORT=2655;TCP_OUT_OF_STATE=91
2026-10-07 15:04:00,53,50.18,3.5,28765,4926,127,4103,3906,254482,L0_BLACKLIST=252021;L2_SYN_CLOSED_PORT=2422;TCP_OUT_OF_STATE=38
2026-10-07 15:05:00,44,4.53,2.4,4956,4108,126,3988,3606,10729,L0_BLACKLIST=8472;L2_SYN_CLOSED_PORT=2210;TCP_OUT_OF_STATE=43
2026-10-07 15:06:00,2,2.21,2.1,4208,4112,1,4071,3977,2,
2026-10-07 15:07:00,2,3.14,2.6,4323,4184,1,4142,4005,2,
2026-10-07 15:08:00,2,2.09,2.1,4190,4103,1,4082,4016,2,
2026-10-07 15:09:00,2,2.09,1.9,4092,4018,1,3998,3904,2,
2026-10-07 15:10:00,2,2.0,2.0,4125,4111,1,4070,4056,2,
2026-10-07 15:11:00,2,2.0,1.9,4163,4069,1,4048,3975,2,
2026-10-07 15:12:00,2,2.36,2.1,4000,3986,1,3967,3933,2,
2026-10-07 15:13:00,2,2.15,2.0,4182,4071,1,4050,3960,2,
2026-10-07 15:14:00,2,2.07,2.1,4150,4094,2,4073,4038,2,
2026-10-07 15:15:00,2,2.29,2.0,3994,3694,1,3657,3360,2,
2026-10-07 15:16:00,2,2.0,1.9,3465,3443,1,3409,3387,2,
2026-10-07 15:17:00,2,1.82,1.8,3852,3802,2,3784,3715,2,
2026-10-07 15:18:00,2,3.02,2.5,3944,3922,1,3883,3862,2,
2026-10-07 15:19:00,11,22.8,20.8,14821,13980,135,4054,3673,70625,L0_BLACKLIST=69953;L2_SYN_CLOSED_PORT=525;TCP_OUT_OF_STATE=145
2026-10-07 15:20:00,60,51.39,49.2,29067,28246,149,3748,2539,1220557,L0_BLACKLIST=1217482;L2_SYN_CLOSED_PORT=2958;TCP_OUT_OF_STATE=113
2026-10-07 15:21:00,54,6.18,5.0,6006,5771,128,4112,3689,81300,L0_BLACKLIST=78763;L2_SYN_CLOSED_PORT=2495;TCP_OUT_OF_STATE=39
2026-10-07 15:22:00,54,4.92,3.5,5205,5014,74,4162,3634,41372,L0_BLACKLIST=39129;L2_SYN_CLOSED_PORT=2202;TCP_OUT_OF_STATE=39
2026-10-07 15:23:00,2,2.0,2.0,4163,4152,1,4110,4099,0,
2026-10-07 15:24:00,2,1.9,1.9,3927,3864,0,3825,3763,0,
2026-10-07 15:25:00,25,49.57,47.4,26020,25194,71,903,255,567046,L0_BLACKLIST=565512;TCP_OUT_OF_STATE=1140;L2_SYN_CLOSED_PORT=393
2026-10-07 15:26:00,60,128.41,49.7,71752,26045,199,776,254,2183397,L0_BLACKLIST=2179270;L2_SYN_CLOSED_PORT=2508;TCP_OUT_OF_STATE=720
2026-10-07 15:27:00,59,122.85,107.5,69399,59624,307,40544,2142,2638347,L0_BLACKLIST=2633113;L2_SYN_CLOSED_PORT=4469;TCP_OUT_OF_STATE=707
2026-10-07 15:28:00,57,50.34,48.8,27390,26499,315,1624,1069,1019807,L0_BLACKLIST=1014374;L2_SYN_CLOSED_PORT=4300;TCP_OUT_OF_STATE=1128
2026-10-07 15:29:00,58,130.21,15.8,71388,10977,640,4052,3834,864736,L0_BLACKLIST=766363;UDP_FLOW_RATE=91972;L2_SYN_CLOSED_PORT=5412
2026-10-07 15:30:00,60,185.65,128.4,99274,70378,280,69321,44991,2724462,L0_BLACKLIST=2523854;UDP_FLOW_RATE=194469;UDP_UNVERIFIED_RATE=5909
2026-10-07 15:31:00,60,239.25,118.8,133602,65172,460,61062,3851,3598319,L0_BLACKLIST=3545441;UDP_FLOW_RATE=52619;UDP_ENTROPY=140
2026-10-07 15:32:00,60,86.84,73.6,48352,40770,677,17837,3783,2210020,L0_BLACKLIST=2181511;UDP_UNVERIFIED_RATE=26199;UDP_FLOW_RATE=2253
2026-10-07 15:33:00,60,81.76,66.1,45072,36269,265,14534,3812,2051720,L0_BLACKLIST=1785232;UDP_UNVERIFIED_RATE=263580;UDP_FLOW_RATE=2597
2026-10-07 15:34:00,27,81.93,59.1,45002,32115,265,22928,0,745962,L0_BLACKLIST=744434;UDP_FLOW_RATE=1366;UDP_ENTROPY=160
2026-10-07 15:35:00,60,71.05,47.5,39372,26111,472,2109,1528,1426313,L0_BLACKLIST=1423610;UDP_FLOW_RATE=2545;UDP_ENTROPY=153
2026-10-07 15:36:00,60,83.91,76.5,46064,42136,24,19812,436,2293698,L0_BLACKLIST=2183693;UDP_UNVERIFIED_RATE=108768;UDP_FLOW_RATE=1230
2026-10-07 15:37:00,60,58.38,19.1,5474,1948,142,388,0,92167,L2_UDP_CLOSED_PORT=89984;L0_BLACKLIST=1486;L2_SYN_CLOSED_PORT=673
2026-10-07 15:38:00,60,81.62,39.0,7157,3422,180,0,0,195660,L2_UDP_CLOSED_PORT=194520;L0_BLACKLIST=568;L2_SYN_CLOSED_PORT=561
2026-10-07 15:39:00,60,53.23,30.2,4665,2654,144,0,0,156246,L2_UDP_CLOSED_PORT=155303;L0_BLACKLIST=476;L2_SYN_CLOSED_PORT=459
2026-10-07 15:40:00,60,33.28,2.6,2930,245,46,0,0,49356,L2_UDP_CLOSED_PORT=49031;L2_SYN_CLOSED_PORT=323;L1_BOGON_SRC=1
2026-10-07 15:41:00,16,3.56,2.0,316,203,4,38,0,2264,L2_UDP_CLOSED_PORT=2238;L2_SYN_CLOSED_PORT=22
2026-10-07 15:42:00,2,0.02,0.0,20,20,0,15,14,5,
2026-10-07 15:43:00,2,0.08,0.1,52,42,0,40,33,4,
2026-10-07 15:44:00,2,0.45,0.3,66,52,0,52,38,0,
2026-10-07 15:45:00,2,0.06,0.0,119,67,2,65,12,1,
2026-10-07 15:46:00,2,1.51,0.9,872,686,0,686,501,0,
2026-10-07 15:47:00,2,1.0,0.8,1360,1310,0,1310,1259,0,
2026-10-07 15:48:00,2,0.85,0.8,1664,1560,1,1560,1456,0,
2026-10-07 15:49:00,2,0.99,0.9,1896,1824,1,1806,1735,0,
2026-10-07 15:50:00,2,1.18,1.0,1898,1826,0,1818,1737,0,
2026-10-07 15:51:00,31,61.86,51.4,7365,6559,209,2151,1749,127620,L0_BLACKLIST=122918;UDP_ENTROPY=4700;L1_BOGON_SRC=1
2026-10-07 15:52:00,60,123.65,47.9,12997,6308,143,2254,1938,380304,L0_BLACKLIST=376249;UDP_ENTROPY=4052;L2_UDP_CLOSED_PORT=2
2026-10-07 15:53:00,59,147.3,114.4,15123,12258,252,2325,1938,618027,L0_BLACKLIST=610088;UDP_ENTROPY=7930;L2_UDP_CLOSED_PORT=2
2026-10-07 15:54:00,60,146.28,143.1,15150,14890,168,2523,2359,681254,L0_BLACKLIST=674291;UDP_ENTROPY=6958;L2_UDP_CLOSED_PORT=2
2026-10-07 15:55:00,60,145.5,143.3,15135,14892,56,2554,2364,478855,L0_BLACKLIST=478632;UDP_ENTROPY=211;TCP_OUT_OF_STATE=9
2026-10-07 15:56:00,24,14.31,4.3,9747,2887,61,2612,2513,5733,L0_BLACKLIST=4030;UDP_FLOW_RATE=1223;UDP_UNVERIFIED_RATE=478
2026-10-07 15:57:00,11,9.7,8.2,6831,6516,16,6516,2748,28852,L0_BLACKLIST=28417;UDP_FLOW_RATE=385;UDP_UNVERIFIED_RATE=50
2026-10-07 15:58:00,2,2.62,2.1,3082,2946,1,2931,2781,0,
2026-10-07 15:59:00,36,54.2,51.7,7588,7462,16,2974,2554,153225,L0_BLACKLIST=152564;L2_SYN_CLOSED_PORT=251;UDP_ENTROPY=250
2026-10-07 16:00:00,14,52.74,50.1,7676,7448,9,3038,2886,43959,L0_BLACKLIST=43871;L2_SYN_CLOSED_PORT=48;TCP_OUT_OF_STATE=40
2026-10-07 16:01:00,38,25.19,17.3,16378,12148,31,3001,2845,321549,L0_BLACKLIST=320820;L2_SYN_CLOSED_PORT=396;TCP_OUT_OF_STATE=331
2026-10-07 16:02:00,21,25.78,23.8,17171,15996,17,3048,2747,236836,L0_BLACKLIST=236606;L2_SYN_CLOSED_PORT=202;TCP_OUT_OF_STATE=27
2026-10-07 16:03:00,28,52.33,50.9,28603,27987,31,2268,1688,582908,L0_BLACKLIST=582498;TCP_OUT_OF_STATE=207;L2_SYN_CLOSED_PORT=201
2026-10-07 16:04:00,48,53.81,4.2,28358,4401,43,3059,822,607446,L0_BLACKLIST=606759;L2_SYN_CLOSED_PORT=627;TCP_OUT_OF_STATE=57
2026-10-07 16:05:00,27,17.15,8.9,11258,7064,31,3292,3089,94327,L0_BLACKLIST=93817;L2_SYN_CLOSED_PORT=436;TCP_OUT_OF_STATE=70
2026-10-07 16:06:00,18,24.82,22.8,5636,5410,10,3580,3146,29353,L0_BLACKLIST=29221;L2_SYN_CLOSED_PORT=92;TCP_OUT_OF_STATE=38
2026-10-07 16:07:00,31,24.98,21.1,5842,5444,11,3769,3177,49416,L0_BLACKLIST=49249;L2_SYN_CLOSED_PORT=166;L2_UDP_CLOSED_PORT=1
2026-10-07 16:08:00,2,2.6,2.2,3831,3714,0,3697,3562,0,
2026-10-07 16:09:00,2,3.33,2.6,3874,3816,2,3798,3721,2,
2026-10-07 16:10:00,43,50.78,47.6,9407,8974,8,3718,3088,189413,L0_BLACKLIST=188901;UDP_ENTROPY=350;TCP_OUT_OF_STATE=89
2026-10-07 16:11:00,54,49.73,21.5,9298,6106,14,3748,3312,158428,L0_BLACKLIST=158011;L2_SYN_CLOSED_PORT=268;UDP_UNVERIFIED_RATE=50
2026-10-07 16:12:00,54,23.14,21.3,14427,13738,12,3865,3491,343235,L0_BLACKLIST=342641;UDP_FLOW_RATE=309;L2_SYN_CLOSED_PORT=220
2026-10-07 16:13:00,47,30.37,20.3,14260,11871,8,3830,3348,341868,L0_BLACKLIST=341402;TCP_OUT_OF_STATE=210;L2_SYN_CLOSED_PORT=153
2026-10-07 16:14:00,29,23.97,14.2,13087,8634,8,3826,3453,127556,L0_BLACKLIST=127313;UDP_FLOW_RATE=90;L2_SYN_CLOSED_PORT=86
2026-10-07 16:15:00,24,36.91,34.3,21974,20728,19,3905,3615,327388,L0_BLACKLIST=326801;L2_SYN_CLOSED_PORT=204;UDP_FLOW_RATE=121
2026-10-07 16:16:00,29,37.38,33.6,21944,20103,14,3824,3619,432362,L0_BLACKLIST=432141;L2_SYN_CLOSED_PORT=220;L2_UDP_CLOSED_PORT=1
2026-10-07 16:17:00,2,1.94,1.9,4040,3910,0,3871,3742,0,
2026-10-07 16:18:00,2,2.32,2.2,4124,3953,0,3913,3744,0,
2026-10-07 16:19:00,2,2.1,2.0,4068,4010,1,3990,3912,0,
2026-10-07 16:20:00,2,2.72,2.3,4010,3740,0,3703,3436,0,
2026-10-07 16:21:00,43,62.47,9.5,9029,4786,75,4111,3530,33240,L0_BLACKLIST=30814;UDP_ENTROPY=2424;L2_UDP_CLOSED_PORT=2
2026-10-07 16:22:00,18,9.12,7.7,4778,4704,5,4186,3970,7197,L0_BLACKLIST=7187
2026-10-07 16:23:00,2,2.38,2.2,4114,4056,0,4015,3957,0,
2026-10-07 16:24:00,44,57.17,53.4,55868,52258,339,40356,21763,2223816,L0_BLACKLIST=2220695;UDP_FLOW_RATE=3104;UDP_UNVERIFIED_RATE=11
2026-10-07 16:25:00,60,55.85,27.9,52362,29020,162,18172,4194,1816652,L0_BLACKLIST=1814636;UDP_FLOW_RATE=1402;UDP_UNVERIFIED_RATE=472
2026-10-07 16:26:00,57,48.37,40.6,47336,39901,204,16433,4216,1983023,L0_BLACKLIST=1981876;UDP_FLOW_RATE=1121;UDP_UNVERIFIED_RATE=18
2026-10-07 16:27:00,30,39.42,37.4,38757,36742,83,12451,3681,699132,L0_BLACKLIST=698091;UDP_FLOW_RATE=754;UDP_UNVERIFIED_RATE=278
2026-10-07 16:28:00,35,42.4,40.2,41363,39226,241,15430,4371,1303408,L0_BLACKLIST=1302298;UDP_FLOW_RATE=1078;UDP_UNVERIFIED_RATE=27
2026-10-07 16:29:00,57,43.01,33.9,42390,33350,162,8367,4256,1893376,L0_BLACKLIST=1892611;UDP_FLOW_RATE=712;UDP_UNVERIFIED_RATE=49
2026-10-07 16:30:00,59,32.66,27.3,32096,26912,145,3475,525,1558007,L0_BLACKLIST=1557654;UDP_FLOW_RATE=293;TCP_OUT_OF_STATE=21
2026-10-07 16:31:00,58,33.89,29.7,33369,29208,146,7976,531,1550374,L0_BLACKLIST=1549904;UDP_FLOW_RATE=461;UDP_ENTROPY=4
2026-10-07 16:32:00,58,30.95,29.0,30310,28162,142,7591,0,1538827,L0_BLACKLIST=1502848;UDP_UNVERIFIED_RATE=35242;UDP_FLOW_RATE=726
2026-10-07 16:33:00,58,30.51,27.5,29822,26912,125,5108,3463,1501744,L0_BLACKLIST=1497976;UDP_UNVERIFIED_RATE=1967;UDP_FLOW_RATE=1793
2026-10-07 16:34:00,57,34.41,29.9,32445,29273,118,3232,1640,1566394,L0_BLACKLIST=1520559;UDP_UNVERIFIED_RATE=44578;UDP_FLOW_RATE=1225
2026-10-07 16:35:00,57,37.29,28.9,36485,28398,388,3062,1928,1674306,L0_BLACKLIST=1671046;UDP_FLOW_RATE=3186;UDP_UNVERIFIED_RATE=48
2026-10-07 16:36:00,31,38.48,37.0,37769,35956,162,10071,0,937130,L0_BLACKLIST=935674;UDP_FLOW_RATE=1332;UDP_UNVERIFIED_RATE=101
2026-10-07 16:37:00,57,39.37,35.6,38525,34816,122,8095,0,1793324,L0_BLACKLIST=1662217;UDP_UNVERIFIED_RATE=130603;UDP_FLOW_RATE=492
2026-10-07 16:38:00,57,30.05,28.4,29402,27755,272,10445,2853,1519406,L0_BLACKLIST=1517564;UDP_FLOW_RATE=1631;UDP_UNVERIFIED_RATE=191
2026-10-07 16:39:00,20,30.5,29.8,29796,29090,33,4073,636,477178,L0_BLACKLIST=476930;UDP_FLOW_RATE=192;UDP_UNVERIFIED_RATE=50
2026-10-07 16:40:00,2,1.67,1.5,2910,2854,0,2854,2797,0,
2026-10-07 16:41:00,2,1.7,1.5,2907,2882,0,2882,2856,0,
2026-10-07 16:42:00,2,2.11,1.8,3142,3088,0,3073,3035,0,
2026-10-07 16:43:00,2,1.88,1.8,3186,3138,0,3106,3058,0,
2026-10-07 16:44:00,2,2.62,2.2,3281,3230,0,3214,3180,0,
2026-10-07 16:45:00,45,44.9,43.4,52608,51608,69,46530,3214,1726358,L0_BLACKLIST=1725408;UDP_FLOW_RATE=851;UDP_UNVERIFIED_RATE=95
2026-10-07 16:46:00,58,44.36,24.9,52041,29382,116,1764,1710,1749442,L0_BLACKLIST=1749232;UDP_FLOW_RATE=154;UDP_UNVERIFIED_RATE=51
2026-10-07 16:47:00,57,28.54,27.8,33088,32391,256,6175,1746,1630479,L0_BLACKLIST=1630048;UDP_FLOW_RATE=429;L1_BOGON_SRC=1
2026-10-07 16:48:00,58,34.54,28.8,40311,33560,776,8137,3702,1789031,L0_BLACKLIST=1788085;UDP_FLOW_RATE=843;UDP_UNVERIFIED_RATE=101
2026-10-07 16:49:00,57,31.59,27.0,36748,31316,442,5641,4338,1721576,L0_BLACKLIST=1719861;UDP_FLOW_RATE=1608;UDP_UNVERIFIED_RATE=100
2026-10-07 16:50:00,57,28.48,27.3,33075,31678,258,6674,3628,1707946,L0_BLACKLIST=1706981;UDP_FLOW_RATE=953;TCP_OUT_OF_STATE=7
2026-10-07 16:51:00,57,28.55,24.6,33170,28463,164,2581,1953,1619099,L0_BLACKLIST=1618531;UDP_FLOW_RATE=565;L2_UDP_CLOSED_PORT=2
2026-10-07 16:52:00,57,30.23,28.5,35029,33046,198,9036,1963,1698536,L0_BLACKLIST=1696213;UDP_FLOW_RATE=2153;UDP_UNVERIFIED_RATE=163
2026-10-07 16:53:00,57,30.54,23.7,35385,27538,198,2202,385,1617948,L0_BLACKLIST=1616572;UDP_FLOW_RATE=1351;UDP_ENTROPY=6
2026-10-07 16:54:00,57,25.3,24.2,29308,28023,200,3304,542,1519093,L0_BLACKLIST=1518162;UDP_FLOW_RATE=913;TCP_OUT_OF_STATE=6
2026-10-07 16:55:00,57,26.72,25.2,30829,29121,132,5114,2890,1593208,L0_BLACKLIST=1592261;UDP_FLOW_RATE=759;UDP_UNVERIFIED_RATE=179
2026-10-07 16:56:00,11,25.39,25.1,29385,29121,38,4077,3728,316827,L0_BLACKLIST=316827
